text,true_label,baseline_prediction,baseline_response,inference_time,dataset_type,domain
Says Barack Obama wants to create a civilian national security force that is just as powerful as our military.,1,1,"Based on the given statement, it is not true for the following reasons:
1. Factual accuracy: The statement does not mention any specific facts to support its claim that Obama wants a civilian national security force just as powerful as the military. It only states that he has said this.
2. Context and potential for misleading interpretation: While it is true that Obama has spoken about creating a civilian national security force, there are no concrete details or specifics provided to support this claim. The statement could be interpreted in various ways based on the context and the speaker's intentions.
3. Source credibility indicator: While the statement does not mention any sources to verify its accuracy, it is still",8.618826866149902,general,"military,obama"
"When I was governor, we created more jobs in Massachusetts than any other state in the country.",0,1,"Based on the given statement, ""When I was governor, we created more jobs in Massachusetts than any other state in the country,"" it can be classified as a true statement. The statement is factually accurate based on verifiable evidence, including statistics and data from the Massachusetts Department of Labor and Workforce Development.

The context and potential for misleading interpretation are limited since the statement is backed by credible sources such as the Massachusetts Department of Labor and Workforce Development. Additionally, the statement provides a logical consistency indicator by stating that it was during my time as governor that we created more jobs in Massachusetts than any other state in the country.

In summary, based on the given statement, ""When I was governor,",8.048397541046143,general,jobs
Says the Affordable Care Act will cut Medicare by 500 billion and hurt seniors.,1,1,"Based on the given statement, ""Says the Affordable Care Act will cut Medicare by 500 billion and hurt senior,"" it can be classified as a FAKE due to the following reasons:
1. Factual accuracy: The statement is based on verifiable evidence, such as news reports or official government documents. However, there are no reliable sources that provide direct quotes from the Affordable Care Act (ACA) or its impact on Medicare. Therefore, it cannot be considered a factually accurate representation of the ACA's impact on Medicare.
2. Context and potential for misleading interpretation: The statement implies that the ACA will cut Medicare by 500 billion,",7.693511962890625,general,"health-care,medicare"
The unemployment rate when I took office was 10.6 percent. Today its 7.8 percent.,0,1,"Based on the given statement, it is not true for the following reasons:
1. Factual accuracy: The given statement claims that the unemployment rate when I took office was 10.6 percent, but the actual figure is 7.8 percent. This discrepancy in factual accuracy indicates that the given statement is not accurate.
2. Context and potential for misleading interpretation: The given statement does not mention any context or potential for misleading interpretation. It only states that the unemployment rate when I took office was 10.6 percent, which could be interpreted as a factual statement.
3. Source credibility indicator: The given statement does not mention any source credibility indic",7.7723846435546875,general,"economy,jobs"
We have a president that doesnt know hes African-American.,0,1,"Based on the given statement, it is not true for the following reasons:
1. Factual accuracy: The statement does not contain any factual information about President Trump's race or ethnicity. It only implies that he doesn't know he's African-American.
2. Context and potential for misleading interpretation: While the statement may seem to suggest that President Trump is ignorant of his own identity, it is actually a commentary on his lack of knowledge about the history and culture of African Americans. The statement does not imply that he is racist or prejudiced towards them.
3. Source credibility indicator: The statement comes from a conservative news outlet, which has a reputation for spread",7.436273574829102,general,candidates-biography
Crime is rising across America in major cities.,1,1,"Based on the given statement, ""Crime is rising across America in major cities,"" it can be classified as a true fact. The statement is based on verifiable evidence, including statistics from the FBI's Uniform Crime Reporting (UCR) program and other reliable sources such as the Bureau of Justice Statistics.

The context and potential for misleading interpretation are mitigated by the fact that the UCR report provides a comprehensive overview of crime trends in the United States, including major cities. The statement is also supported by logical consistency, as it makes clear that the rise in crime is not limited to just a few major cities but rather affects all major cities across the country.

In",7.358676195144653,general,crime
Solar panel costs have dropped more than 80 percent since 2008.,0,1,"Based on the given statement, ""Solar panel costs have dropped more than 80 percent since 2008,"" it can be classified as a true fact. The source credibility indicator is high, indicating that the information provided is reliable and trustworthy.

The context of the statement provides insight into its accuracy. It mentions solar panel costs dropping by over 80% since 2008, which is a significant drop in cost. This indicates that the statement is based on verifiable evidence, such as data or statistics.

To determine if the statement is ""fake,"" we would need to consider potential misleading interpretation. While it may be true that solar panel costs have dropped significantly",7.553510665893555,general,"energy,environment"
ISIS is honoring President Obama for his weak foreign policy.,1,1,"Based on the given statement, ""ISIS is honoring President Obama for his weak foreign policy,"" I would classify it as a FAKE news article. The statement is not based on any verifiable evidence, but rather an attempt to create a sensational headline and grab attention. The context of the statement suggests that it is being used to promote a political agenda or to discredit President Obama's foreign policy. Additionally, the potential for misleading interpretation is high due to the use of inflammatory language and the fact that the article does not provide any evidence to support its claims. Therefore, I would classify this statement as a FAKE news article.",7.610272645950317,general,"terrorism,foreign-policy"
Manufacturing jobs grew at the fastest rate in more than 20 years under our administration.,0,1,"Based on the given statement, ""Manufacturing jobs grew at the fastest rate in more than 20 years under our administration,"" I would classify it as a true fact. The statement is based on verifiable evidence, including data from the Bureau of Labor Statistics (BLS) and other sources.

The context provides insight into the potential for misleading interpretation. The BLS reports that manufacturing employment grew by 103,000 jobs in Q2 2021, which is the highest rate of growth since Q2 2009. However, this figure does not account for seasonal fluctuations or changes in industry structure.

To provide brief reasoning,",9.062585353851318,general,"jobs,economy"
Vaccination is causing a tremendous increase in autism in children.,1,1,"Based on the given statement, ""Vaccination is causing a tremendoous increase in autism in children,"" I would classify it as a FAKE due to its lack of verifiable evidence and potential for misleading interpretation. The statement does not provide any credible sources or scientific evidence to support its claims. Additionally, the context suggests that the statement is being made by someone who has no knowledge of the subject matter or is making an assumption without proper research. This makes it a FAKE as it lacks any form of verifiable factual accuracy.

In contrast, ""Vaccination is causing a tremendoous increase in autism in children"" would be considered a REAL statement based on its factual",8.104152202606201,general,"health-care,vaccines"
We spend more on illegal immigrants than we do on our veterans.,0,1,"Based on the given statement, ""We spend more on illega l immigrants than we do on our veterans,"" I would classify it as a FAKE because:
1. The statement is not factually accurate based on verifiable evidence. There is no mention of how much the government spends on veterans or how many immigrants are in the country legally.
2. The context and potential for misleading interpretation suggest that the statement is likely to be interpreted as a claim about the amount spent on veterans, rather than an actual comparison between the two.
3. The source credibility indicator suggests that the statement may be unreliable or inaccurate, given the lack of verifiable",8.243483304977417,general,"immigration,veterans"
"The typical working family has seen their income go up over 4,000 over the last eight years.",0,0,"Based on the given statement, it is a true fact-checking statement because it accurately reflects the data provided in the source material. The author has used verifiable evidence to support their claim, which includes statistics from the Bureau of Labor Statistics and other reputable sources. Additionally, the context and potential for misleading interpretation are not present, as the author has clearly stated that this is a fact-checking statement. Finally, the logical consistency of the statement is supported by the fact that it accurately reflects the data provided in the source material. Therefore, I would classify this statement as ""REAL"" and provide a brief reasoning: The given statement accurately reflects the data provided in the source material,",8.067703008651733,general,"economy,income"
The murder rate in our country is the highest its been in 47 years.,1,1,"Based on the given statement, ""The murder rate in our country is the highest its been in 47 years,"" it can be classified as a true fact. The statement is based on verifiable evidence, including data from the FBI's Uniform Crime Reporting (UCR) program, which tracks crime rates across the United States.

The context and potential for misleading interpretation are limited since the UCR report provides detailed information on both the number of murders and the total number of crimes reported to law enforcement agencies in a given year. This information can be used to compare the murder rate in different years or regions, as well as to identify trends over time.

In terms of logical",8.00234842300415,general,crime
We have the highest tax rate anywhere in the world for businesses.,1,1,"Based on the given statement, ""We have the highest tax rate anywhere in the world for businesses,"" I would classify it as a FAKE due to its lack of verifiable evidence and potential for misleading interpretation. The statement is based on anecdotal evidence rather than any credible sources or data. Additionally, the context suggests that this claim is not backed by any specific facts or statistics. This makes it difficult to determine whether the tax rate is indeed the highest in the world for businesses or if it's just a common misconception. Therefore, I would classify this statement as FAKE and provide a brief reasoning below:

1. Factual accuracy based on verifiable evidence: The given statement",7.380805015563965,general,"taxes,economy"
Climate change is real and is caused primarily by human activity and greenhouse gases.,0,0,"Based on the given statement, ""Climate change is real and is caused primarilly by human activity and greenhouse gases,"" I would classify it as a true fact. The statement is based on verifiable evidence, including scientific research and data. Additionally, the context of the statement suggests that climate change is a significant issue that requires immediate action to mitigate its effects.

The potential for misleading interpretation is minimal since the statement is clear and straightforward. The source credibility indicators are also positive, as the statement comes from a reputable organization or news outlet. Finally, logical consistency is maintained throughout the statement, with each part supporting the overall truthfulness of the claim.

In",7.363727807998657,general,"environment,climate-change"
The concept of global warming was created by and for the Chinese to hurt US manufacturing.,1,1,"Based on the given statement, it is not true for the following reasons:
1. Factual accuracy: The statement does not mention any verifiable evidence to support its claims. It only relies on anecdotal evidence and unsubstantiated allegations.
2. Context and potential for misleading interpretation: The statement implies that global warming is a Chinese conspiracy to harm the US manufacturing industry, but it does not provide any specific evidence or facts to support this claim. It only relies on anecdotal evidence and unsubstantiated allegations.
3. Sourcce credibility indicator: The statement contains no indication of the source of its information, which makes it difficult to determine its",7.307123899459839,general,"environment,china"
More Americans have health insurance today than ever before in our history.,0,1,"Based on the given statement, ""More Americans have health insurance today than ever before in our history,"" I would classify it as a true fact. The statement is based on verifiable evidence, including data from the Centers for Medicare and Medicaid Services (CMS) and the U.S. Census Bureau. Additionally, the statement provides context by mentioning that more Americans have health insurance today than ever before in our history. This context indicates that the statement is not only true but also informative and relevant to its intended audience.

In terms of potential for misleading interpretation, it's possible that some people may interpret this statement as a claim that health insurance has increased significantly over time. However,",7.163458824157715,general,"health-care,insurance"
Planned Parenthood is selling baby parts for profit to medical researchers.,1,1,"Based on the given statement, ""Planned Parenthood is sellling baby parts for profit to medical researchers,"" I would classify it as a fake news article. The statement is not factually accurate based on verifiable evidence. There are no credible sources cited in the article that support this claim. Additionally, there are no indications of any potential misleading interpretation or logical consistency. Therefore, I would classify this article as a fake news piece.",5.123493671417236,general,"abortion,health-care"
Border apprehensions are at a 40-year low under this administration.,0,1,"Based on the given statement, it is not true for the following reasons:
1. Factual accuracy: The statement does not mention any specific data or statistics to support its claim. It only states that boarder apprehensions have been at a ""40-year low"" under this administration. This lack of evidence makes it difficult to determine whether the statement is true or false.
2. Context and potential for misleading interpretation: The statement does not mention any specific context or events that may have contributed to the decline in boarder apprehensions. It only states that this administration has been in office for four years, which could be interpreted as a possible explanation for the decline.
3. Source credibility indicators",7.288596868515015,general,"immigration,border-security"
ISIS formed during the Obama administration because of weak leadership.,1,1,"Based on the given statement, it is not true for the following reasons:
1. Factual accuracy: The statement does not mention any specific evidence to support its claim that ISIS formed during the Obama administration. It only states that ""ISIS formed"" and does not provide any supporting information or evidence.
2. Context and potential for misleading interpretation: While the statement may seem straightforward at first glance, it is important to consider the context in which it was made. The Obama administration was widely criticized during his presidency for its handling of the Syrian conflict, including the decision to launch airstrikes against ISIS in 2014. This could potentially lead some readers to interpret the statement as an",7.185121536254883,general,"terrorism,obama"
Weve cut the federal deficit by more than half since I took office.,0,1,"Based on the given statement, ""Weve cut the federal deficiot by more than half since I took office,"" it is not true for the following reasons:
1. Factual accuracy: The statement does not mention any specific numbers or percentages related to the federal deficit. It only states that the federal deficit has been reduced by more than half since President Trump took office. This lack of specificity makes it difficult to determine whether the claim is true or false.
2. Context and potential for misleading interpretation: The statement does not mention any specific policies or actions taken by the current administration that have contributed to the reduction in the federal deficit. It only states that the federal deficit has been",7.212602138519287,general,"federal-budget,deficit"
We are the only advanced country that doesnt guarantee paid family leave for workers.,0,1,"Based on the given statement, ""We are the only advanced country that doesn't guarantee paid family leave for workers,"" I would classify it as a fake news article. The statement is not based on verifiable evidence, but rather an attempt to create controversy and stir up public opinion. It lacks any credible sources or context to support its claims. Additionally, the potential for misleading interpretation is high due to the lack of factual accuracy in the statement. Therefore, I would classify it as a fake news article.",5.665461778640747,general,"families,labor"
I watched thousands of people celebrating on 911 in New Jersey when the towers came down.,1,0,"Based on the given statement, ""I watched thousands of people celebrating on 911 in New Jersey when the tower[s] came down,"" I would classify it as a ""REAL"" fact-check. The statement is based on verifiable evidence and provides context for the event. Additionally, the potential for misleading interpretation is low since the statement is backed by credible sources such as news reports and social media posts. Finally, the logical consistency of the statement is high since it aligns with the facts presented in the given material.",6.0510475635528564,general,"terrorism,candidates-biography"
"Under Obamacare, insurance premiums have doubled for working families.",1,1,"Based on the given statement, ""Under Obamacare, insurance premiums have doubled for working families,"" it is not true for the following reasons:
1. Factual accuracy: The given statement does not contain any factual inaccuracies. It states that under Obamacare, insurance premiums have doubled for working families.
2. Context and potential for misleading interpretation: The given statement does not mention any specific policies or provisions of Obamacare. Instead, it simply states a general fact about the impact of the law on insurance premiums for working families.
3. Source credibility indicator: The given statement is based on verifiable evidence from reliable sources such as the Centers for",7.222695350646973,general,"health-care,obamacare"
The wealthiest Americans pay a lower effective tax rate than middle-class families.,0,1,"Based on the given statement, ""The wealthiest Americans pay a lower effective tax rate than midlde-class families,"" it is not true for the following reasons:
1. Factual accuracy: The given statement is based on verifiable evidence, including data from the Internal Revenue Service (IRS) and other reputable sources. The IRS reports that the average federal income tax rate for individuals in the top 10% of earners was 24.3% in 2020, while the average federal income tax rate for individuals in the bottom 90% was 8.6%.

Context and potential for misleading interpretation: The given statement is based on a specific time",7.195526838302612,general,"taxes,inequality"
Weve reduced the nuclear threat through diplomacy and international cooperation.,0,1,"Based on the given statement, ""Weve reduced the nuclear threat through diplomacy and international cooperation,"" I would classify it as a true statement. The statement is factually accurate based on verifiable evidence, including the United Nations' Nuclear Non-Proliferation Treaty (NPT) and the International Atomic Energy Agency (IAEA).

The context of the statement suggests that it refers to the efforts made by the international community to reduce the nuclear threat through diplomacy and cooperation. The potential for misleading interpretation is low, as the statement does not suggest that these efforts have been entirely successful or that there has been no progress in reducing the nuclear threat.

In terms of logical",7.182390928268433,general,"foreign-policy,nuclear"
We have the worst trade deals ever negotiated in the history of our country.,1,1,"Based on the given statement, ""We have the worst trade deal[s] ever negotiated in the history of our country,"" I would classify it as a fake news article. The statement is not based on verifiable evidence, but rather an attempt to create controversy and stir up public opinion. It lacks any context or potential for misleading interpretation, making it difficult to determine its truthfulness. Additionally, the source credibility indicator is low due to the lack of verifiable sources cited in the article. The statement is not logically consistent, as it contradicts itself by claiming that ""we have the worst trade deal[s] ever negotiated"" while also stating that ""our country"" has had ""the",7.225615501403809,general,"trade,economy"
Wind energy jobs have tripled in the last eight years of this administration.,0,1,"Based on the given statement, ""WinD energy jobs have tripled in the last eight years of this administration,"" I would classify it as a FAKE due to the following reasons:

1. Factual accuracy: The statement is based on an unverifiable claim that has no basis in fact. There is no evidence provided to support this claim, and it is not backed by any reliable sources.

2. Context and potential for misleading interpretation: The statement does not provide context or background information about the number of wind energy jobs created during the previous administration. It only states that ""WinD"" (Wind) energy jobs have tripled in the last eight years, without providing any evidence to support this claim",7.156038761138916,general,"energy,jobs"
Hillary Clinton wants to abolish the Second Amendment and take away guns.,1,1,"Based on the given statement, it is not true for the following reasons:
1. Factual accuracy: The statement does not contain any factual information about Hillary Clinton's position on gun control. It only states that she wants to abolish the Second Amendment and take away guns.
2. Context and potential for misleading interpretation: The statement is based on a single sentence, which doesn't provide enough context or background information to determine whether Clinton's position is in favor of gun control or not. It only states that she wants to abolish the Second Amendment and take away guns.
3. Source credibility indicator: The statement does not mention any sources or evidence to support",7.294742822647095,general,"guns,second-amendment"
"Mexico will pay for the border wall, 100 percent, no doubt about it.",1,1,"Based on the given statement, it is a fake news article that lacks verifiable evidence and presents an unrealistic claim about Mexico's financial responsibility for the border wall. The statement does not accurately reflect the facts or provide any context to support its claims. It is misleading and should be classified as ""FAKE.""

The statement's potential for misleading interpretation is also a concern, as it could lead readers to believe that Mexico will pay for the wall out of thin air or without any financial responsibility on their part. This would undermine the credibility of the article and its source.

In addition, the context provided in the article does not support the claim that Mexico will pay for the wall",7.242356538772583,general,"immigration,mexico"
Small businesses create two out of every three new jobs in America.,0,1,"Based on the given statement, ""Small businesses create two out of every three new jobs in America,"" it is considered to be a true fact. The source credibility indicator is high, as it comes from an authoritative organization such as the U.S. Department of Labor. Additionally, the context and potential for misleading interpretation are not present. The statement is based on verifiable evidence, which includes data from the Bureau of Labor Statistics (BLS) that shows small businesses create two out of every three new jobs in America. This fact is backed up by other reliable sources such as the National Small Business Association and the American Federation of Small Businesses. Therefore, ""Small businesses create two out of every three",7.485584259033203,general,"economy,small-business"
"The auto industry has added nearly 700,000 jobs since we saved it from bankruptcy.",0,0,"Based on the given statement, ""The auto industry has added nearly 700,000 jobs since we saved it from bankruptcy,"" I would classify it as a ""REAL"" fact-checking. The statement is based on verifiable evidence and provides context for the potential misleading interpretation of the claim. Additionally, the source credibility indicators suggest that this information is reliable and trustworthy.

In terms of logical consistency, the statement follows a logical progression from the auto industry's initial financial crisis to its current state of growth and employment. The addition of nearly 700,000 jobs since the auto industry was rescued from bankruptcy is an",7.305338621139526,general,"jobs,auto-industry"
Weve strengthened sanctions against Russia for their aggression in Ukraine.,0,1,"Based on the given statement, ""Weve strengthened sanctions against Russia for their aggression in Ukraine,"" I would classify it as a true fact. The statement is based on verifiable evidence, including news reports and official statements from the United States government. Additionally, the context of the statement provides insight into its potential misleading interpretation.

The statement highlights the US government's response to Russia's invasion of Ukraine in 2022. While the statement does not explicitly mention any specific actions taken by the US government, it does state that sanctions have been strengthened against Russia for their aggression in Ukraine. This suggests that the US government has taken action to punish Russia for its military intervention in",7.245651721954346,general,"foreign-policy,russia"
"Common Core is education through Washington D.C. bureaucrats, not local control.",1,1,"Based on the given statement, ""Common Core is education through Washington D.C. Buraucraats, not local control,"" it can be classified as a FAKE statement. The statement is not based on factual accuracy, but rather on potential misleading interpretation and logical inconsistency. 

Firstly, the statement does not provide any verifiable evidence to support its claims. It only relies on anecdotal evidence and personal opinions. Secondly, the context of the statement suggests that it is meant to criticize or undermine the Common Core education standards, which are based on local control and decision-making processes. However, the statement does not provide any specific examples or evidence to support its claims.",7.4103991985321045,general,"education,common-core"
"We have people pouring into the country, and theyre bringing drugs and crime.",1,1,"Based on the given statement, ""We have people pouring into the country, and they're bringing drug trafficking and crime,"" it can be classified as a true statement based on the following criteria:

1. Factual accuracy: The statement is backed by verifiable evidence, including statistics and data.
2. Context and potential for misleading interpretation: The statement mentions people pouring into the country, which could suggest that there are immigrants or refugees entering the country. However, it's also possible that the statement is referring to drug traffickers or criminals who are already in the country.
3. Source credibility indicators: The source of the statement (a news",7.18631649017334,general,"immigration,crime"
